ORINumber,Agency,Population,Attribute,Murder,Rape,Robbery,Assault,Burglary,Larceny,Auto Theft,Total,Months
NJ0020100,ALLENDALE PD,6865,Number of Offenses,0,0,0,0,8,26,4,38,12
NJ0020100,ALLENDALE PD,6865,"Rate Per 100,000",0,0,0,0,116.5,378.7,58.3,553.5,12
NJ0020100,ALLENDALE PD,6865,Number of Clearances,0,0,0,0,4,10,0,14,12
NJ0020100,ALLENDALE PD,6865,Percent Cleared,0,0,0,0,50,38,0,37,12
NJ0020100,ALLENDALE PD,6865,Number of Arrests,0,0,0,0,4,8,0,12,12
NJ0020200,ALPINE PD,1873,Number of Offenses,0,0,0,1,4,2,9,16,12
NJ0020200,ALPINE PD,1873,"Rate Per 100,000",0,0,0,53.4,213.6,106.8,480.5,854.2,12
NJ0020200,ALPINE PD,1873,Number of Clearances,0,1,0,1,0,0,0,2,12
NJ0020200,ALPINE PD,1873,Percent Cleared,0,0,0,100,0,0,0,13,12
NJ0020200,ALPINE PD,1873,Number of Arrests,0,1,0,0,0,0,0,1,12
NJ0028900,BERGEN CO PROSECUTOR'S OFFICE,0,Number of Offenses,0,0,0,0,0,0,0,0,12
NJ0028900,BERGEN CO PROSECUTOR'S OFFICE,0,"Rate Per 100,000",0,0,0,0,0,0,0,0,12
NJ0028900,BERGEN CO PROSECUTOR'S OFFICE,0,Number of Clearances,0,0,0,0,0,0,0,0,12
NJ0028900,BERGEN CO PROSECUTOR'S OFFICE,0,Percent Cleared,0,0,0,0,0,0,0,0,12
NJ0028900,BERGEN CO PROSECUTOR'S OFFICE,0,Number of Arrests,1,0,0,0,8,0,1,10,12
NJ0020000,BERGEN CO SHERIFF'S DEPT,0,Number of Offenses,0,2,0,0,2,44,0,48,12
NJ0020000,BERGEN CO SHERIFF'S DEPT,0,"Rate Per 100,000",0,0,0,0,0,0,0,0,12
NJ0020000,BERGEN CO SHERIFF'S DEPT,0,Number of Clearances,0,1,0,0,1,7,0,9,12
NJ0020000,BERGEN CO SHERIFF'S DEPT,0,Percent Cleared,0,50,0,0,50,16,0,19,12
NJ0020000,BERGEN CO SHERIFF'S DEPT,0,Number of Arrests,0,0,0,1,0,2,0,3,12
NJ0020300,BERGENFIELD PD,27684,Number of Offenses,1,1,0,13,11,62,2,90,12
NJ0020300,BERGENFIELD PD,27684,"Rate Per 100,000",3.6,3.6,0,47,39.7,224,7.2,325.1,12
NJ0020300,BERGENFIELD PD,27684,Number of Clearances,0,0,0,11,1,5,1,18,12
NJ0020300,BERGENFIELD PD,27684,Percent Cleared,0,0,0,85,9,8,50,20,12
NJ0020300,BERGENFIELD PD,27684,Number of Arrests,0,0,0,16,7,2,0,25,12
NJ0020400,BOGOTA PD,8499,Number of Offenses,0,0,2,0,5,26,2,35,12
NJ0020400,BOGOTA PD,8499,"Rate Per 100,000",0,0,23.5,0,58.8,305.9,23.5,411.8,12
NJ0020400,BOGOTA PD,8499,Number of Clearances,0,0,0,0,2,6,1,9,12
NJ0020400,BOGOTA PD,8499,Percent Cleared,0,0,0,0,40,23,50,26,12
NJ0020400,BOGOTA PD,8499,Number of Arrests,0,0,0,0,2,1,2,5,12
NJ0020500,CARLSTADT PD,6252,Number of Offenses,0,0,2,6,4,61,8,81,12
NJ0020500,CARLSTADT PD,6252,"Rate Per 100,000",0,0,32,96,64,975.7,128,1295.6,12
NJ0020500,CARLSTADT PD,6252,Number of Clearances,0,0,2,4,1,5,0,12,12
NJ0020500,CARLSTADT PD,6252,Percent Cleared,0,0,100,67,25,8,0,15,12
NJ0020500,CARLSTADT PD,6252,Number of Arrests,0,0,2,2,1,10,0,15,12
NJ0020600,CLIFFSIDE PARK PD,25001,Number of Offenses,0,1,5,12,8,94,0,120,12
NJ0020600,CLIFFSIDE PARK PD,25001,"Rate Per 100,000",0,4,20,48,32,376,0,480,12
NJ0020600,CLIFFSIDE PARK PD,25001,Number of Clearances,0,1,3,12,3,20,0,39,12
NJ0020600,CLIFFSIDE PARK PD,25001,Percent Cleared,0,100,60,100,38,21,0,33,12
NJ0020600,CLIFFSIDE PARK PD,25001,Number of Arrests,0,0,2,9,3,14,0,28,12
NJ0020700,CLOSTER PD,8691,Number of Offenses,0,1,0,4,0,39,4,48,12
NJ0020700,CLOSTER PD,8691,"Rate Per 100,000",0,11.5,0,46,0,448.7,46,552.3,12
NJ0020700,CLOSTER PD,8691,Number of Clearances,0,0,0,4,0,14,0,18,12
NJ0020700,CLOSTER PD,8691,Percent Cleared,0,0,0,100,0,36,0,38,12
NJ0020700,CLOSTER PD,8691,Number of Arrests,0,0,0,5,0,17,0,22,12
NJ0020800,CRESSKILL PD,8862,Number of Offenses,0,1,1,0,6,18,4,30,12
NJ0020800,CRESSKILL PD,8862,"Rate Per 100,000",0,11.3,11.3,0,67.7,203.1,45.1,338.5,12
NJ0020800,CRESSKILL PD,8862,Number of Clearances,0,1,1,0,0,1,1,4,12
NJ0020800,CRESSKILL PD,8862,Percent Cleared,0,100,100,0,0,6,25,13,12
NJ0020800,CRESSKILL PD,8862,Number of Arrests,0,1,1,1,0,2,0,5,12
NJ0020900,DEMAREST PD,4977,Number of Offenses,0,0,0,2,4,5,3,14,12
NJ0020900,DEMAREST PD,4977,"Rate Per 100,000",0,0,0,40.2,80.4,100.5,60.3,281.3,12
NJ0020900,DEMAREST PD,4977,Number of Clearances,0,0,0,2,1,1,2,6,12
NJ0020900,DEMAREST PD,4977,Percent Cleared,0,0,0,100,25,20,67,43,12
NJ0020900,DEMAREST PD,4977,Number of Arrests,0,0,0,2,1,0,0,3,12
NJ0021000,DUMONT PD,17825,Number of Offenses,0,0,1,5,2,52,0,60,12
NJ0021000,DUMONT PD,17825,"Rate Per 100,000",0,0,5.6,28.1,11.2,291.7,0,336.6,12
NJ0021000,DUMONT PD,17825,Number of Clearances,0,0,0,3,2,8,0,13,12
NJ0021000,DUMONT PD,17825,Percent Cleared,0,0,0,60,100,15,0,22,12
NJ0021000,DUMONT PD,17825,Number of Arrests,0,0,0,4,1,7,1,13,12
NJ0021200,EAST RUTHERFORD PD,9941,Number of Offenses,0,0,2,2,9,106,12,131,12
NJ0021200,EAST RUTHERFORD PD,9941,"Rate Per 100,000",0,0,20.1,20.1,90.5,1066.3,120.7,1317.8,12
NJ0021200,EAST RUTHERFORD PD,9941,Number of Clearances,0,0,2,2,1,26,0,31,12
NJ0021200,EAST RUTHERFORD PD,9941,Percent Cleared,0,0,100,100,11,25,0,24,12
NJ0021200,EAST RUTHERFORD PD,9941,Number of Arrests,0,0,3,1,1,30,1,36,12
NJ0021300,EDGEWATER PD,12318,Number of Offenses,0,1,2,1,13,142,5,164,12
NJ0021300,EDGEWATER PD,12318,"Rate Per 100,000",0,8.1,16.2,8.1,105.5,1152.8,40.6,1331.4,12
NJ0021300,EDGEWATER PD,12318,Number of Clearances,0,0,1,1,5,44,0,51,12
NJ0021300,EDGEWATER PD,12318,Percent Cleared,0,0,50,100,38,31,0,31,12
NJ0021300,EDGEWATER PD,12318,Number of Arrests,0,0,1,2,8,62,0,73,12
NJ0021100,ELMWOOD PARK PD,20277,Number of Offenses,0,0,12,13,37,215,22,299,12
NJ0021100,ELMWOOD PARK PD,20277,"Rate Per 100,000",0,0,59.2,64.1,182.5,1060.3,108.5,1474.6,12
NJ0021100,ELMWOOD PARK PD,20277,Number of Clearances,0,0,7,10,9,21,1,48,12
NJ0021100,ELMWOOD PARK PD,20277,Percent Cleared,0,0,58,77,24,10,5,16,12
NJ0021100,ELMWOOD PARK PD,20277,Number of Arrests,0,0,7,10,8,28,0,53,12
NJ0021400,EMERSON PD,7679,Number of Offenses,0,0,0,1,2,25,4,32,12
NJ0021400,EMERSON PD,7679,"Rate Per 100,000",0,0,0,13,26,325.6,52.1,416.7,12
NJ0021400,EMERSON PD,7679,Number of Clearances,0,0,0,1,0,6,2,9,12
NJ0021400,EMERSON PD,7679,Percent Cleared,0,0,0,100,0,24,50,28,12
NJ0021400,EMERSON PD,7679,Number of Arrests,0,0,0,1,0,6,1,8,12
NJ0021600,ENGLEWOOD CLIFFS PD,5395,Number of Offenses,0,0,0,1,27,12,9,49,12
NJ0021600,ENGLEWOOD CLIFFS PD,5395,"Rate Per 100,000",0,0,0,18.5,500.5,222.4,166.8,908.2,12
NJ0021600,ENGLEWOOD CLIFFS PD,5395,Number of Clearances,0,0,0,0,2,0,0,2,12
NJ0021600,ENGLEWOOD CLIFFS PD,5395,Percent Cleared,0,0,0,0,7,0,0,4,12
NJ0021600,ENGLEWOOD CLIFFS PD,5395,Number of Arrests,0,0,0,0,2,0,0,2,12
NJ0021500,ENGLEWOOD PD,28988,Number of Offenses,2,10,18,41,64,257,22,414,12
NJ0021500,ENGLEWOOD PD,28988,"Rate Per 100,000",6.9,34.5,62.1,141.4,220.8,886.6,75.9,1428.2,12
NJ0021500,ENGLEWOOD PD,28988,Number of Clearances,2,5,0,16,3,14,0,40,12
NJ0021500,ENGLEWOOD PD,28988,Percent Cleared,100,50,0,39,5,5,0,10,12
NJ0021500,ENGLEWOOD PD,28988,Number of Arrests,1,3,9,29,12,0,0,54,12
NJ0021700,FAIR LAWN PD,33413,Number of Offenses,0,0,1,6,32,187,17,243,12
NJ0021700,FAIR LAWN PD,33413,"Rate Per 100,000",0,0,3,18,95.8,559.7,50.9,727.3,12
NJ0021700,FAIR LAWN PD,33413,Number of Clearances,0,0,0,5,12,66,1,84,12
NJ0021700,FAIR LAWN PD,33413,Percent Cleared,0,0,0,83,38,35,6,35,12
NJ0021700,FAIR LAWN PD,33413,Number of Arrests,0,0,0,5,13,66,2,86,12
NJ0021800,FAIRVIEW PD,14428,Number of Offenses,1,1,11,14,38,104,10,179,12
NJ0021800,FAIRVIEW PD,14428,"Rate Per 100,000",6.9,6.9,76.2,97,263.4,720.8,69.3,1240.6,12
NJ0021800,FAIRVIEW PD,14428,Number of Clearances,1,0,2,9,6,24,1,43,12
NJ0021800,FAIRVIEW PD,14428,Percent Cleared,100,0,18,64,16,23,10,24,12
NJ0021800,FAIRVIEW PD,14428,Number of Arrests,4,0,2,10,9,25,1,51,12
NJ0021900,FORT LEE PD,37729,Number of Offenses,0,2,6,17,57,238,27,347,12
NJ0021900,FORT LEE PD,37729,"Rate Per 100,000",0,5.3,15.9,45.1,151.1,630.8,71.6,919.7,12
NJ0021900,FORT LEE PD,37729,Number of Clearances,0,1,2,18,15,56,4,96,12
NJ0021900,FORT LEE PD,37729,Percent Cleared,0,50,33,106,26,24,15,28,12
NJ0021900,FORT LEE PD,37729,Number of Arrests,0,1,3,17,22,47,1,91,12
NJ0022000,FRANKLIN LAKES BORO PD,11191,Number of Offenses,0,0,1,4,4,44,11,64,12
NJ0022000,FRANKLIN LAKES BORO PD,11191,"Rate Per 100,000",0,0,8.9,35.7,35.7,393.2,98.3,571.9,12
NJ0022000,FRANKLIN LAKES BORO PD,11191,Number of Clearances,0,0,1,4,1,6,0,12,12
NJ0022000,FRANKLIN LAKES BORO PD,11191,Percent Cleared,0,0,100,100,25,14,0,19,12
NJ0022000,FRANKLIN LAKES BORO PD,11191,Number of Arrests,0,0,1,0,1,8,0,10,12
NJ0022100,GARFIELD PD,32203,Number of Offenses,1,9,16,25,58,532,30,671,12
NJ0022100,GARFIELD PD,32203,"Rate Per 100,000",3.1,27.9,49.7,77.6,180.1,1652,93.2,2083.7,12
NJ0022100,GARFIELD PD,32203,Number of Clearances,1,3,9,20,19,234,3,289,12
NJ0022100,GARFIELD PD,32203,Percent Cleared,100,33,56,80,33,44,10,43,12
NJ0022100,GARFIELD PD,32203,Number of Arrests,0,3,10,17,18,220,0,268,12
NJ0022200,GLEN ROCK PD,11937,Number of Offenses,0,0,0,0,13,43,4,60,12
NJ0022200,GLEN ROCK PD,11937,"Rate Per 100,000",0,0,0,0,108.9,360.2,33.5,502.6,12
NJ0022200,GLEN ROCK PD,11937,Number of Clearances,0,0,0,0,4,10,0,14,12
NJ0022200,GLEN ROCK PD,11937,Percent Cleared,0,0,0,0,31,23,0,23,12
NJ0022200,GLEN ROCK PD,11937,Number of Arrests,0,0,0,0,2,11,0,13,12
NJ0022300,HACKENSACK PD,44926,Number of Offenses,1,6,15,81,54,506,34,697,12
NJ0022300,HACKENSACK PD,44926,"Rate Per 100,000",2.2,13.4,33.4,180.3,120.2,1126.3,75.7,1551.4,12
NJ0022300,HACKENSACK PD,44926,Number of Clearances,1,2,4,54,13,89,6,169,12
NJ0022300,HACKENSACK PD,44926,Percent Cleared,100,33,27,67,24,18,18,24,12
NJ0022300,HACKENSACK PD,44926,Number of Arrests,1,1,4,54,14,95,7,176,12
NJ0022400,HARRINGTON PARK PD,4802,Number of Offenses,0,0,0,0,0,4,1,5,12
NJ0022400,HARRINGTON PARK PD,4802,"Rate Per 100,000",0,0,0,0,0,83.3,20.8,104.1,12
NJ0022400,HARRINGTON PARK PD,4802,Number of Clearances,0,0,0,0,0,0,0,0,12
NJ0022400,HARRINGTON PARK PD,4802,Percent Cleared,0,0,0,0,0,0,0,0,12
NJ0022400,HARRINGTON PARK PD,4802,Number of Arrests,0,0,0,0,0,0,0,0,12
NJ0022500,HASBROUCK HEIGHTS PD,12163,Number of Offenses,0,0,0,3,3,60,0,66,12
NJ0022500,HASBROUCK HEIGHTS PD,12163,"Rate Per 100,000",0,0,0,24.7,24.7,493.3,0,542.6,12
NJ0022500,HASBROUCK HEIGHTS PD,12163,Number of Clearances,0,0,0,3,0,1,0,4,12
NJ0022500,HASBROUCK HEIGHTS PD,12163,Percent Cleared,0,0,0,100,0,2,0,6,12
NJ0022500,HASBROUCK HEIGHTS PD,12163,Number of Arrests,0,0,0,3,0,2,0,5,12
NJ0022600,HAWORTH PD,3463,Number of Offenses,0,0,0,1,2,3,3,9,12
NJ0022600,HAWORTH PD,3463,"Rate Per 100,000",0,0,0,28.9,57.8,86.6,86.6,259.9,12
NJ0022600,HAWORTH PD,3463,Number of Clearances,0,0,0,1,2,0,0,3,12
NJ0022600,HAWORTH PD,3463,Percent Cleared,0,0,0,100,100,0,0,33,12
NJ0022600,HAWORTH PD,3463,Number of Arrests,0,0,0,1,2,0,0,3,12
NJ0022700,HILLSDALE PD,10484,Number of Offenses,0,0,0,2,4,40,1,47,12
NJ0022700,HILLSDALE PD,10484,"Rate Per 100,000",0,0,0,19.1,38.2,381.5,9.5,448.3,12
NJ0022700,HILLSDALE PD,10484,Number of Clearances,0,0,0,1,0,7,0,8,12
NJ0022700,HILLSDALE PD,10484,Percent Cleared,0,0,0,50,0,18,0,17,12
NJ0022700,HILLSDALE PD,10484,Number of Arrests,0,0,0,2,0,7,0,9,12
NJ0022800,HO-HO-KUS PD,4139,Number of Offenses,0,0,0,0,7,11,2,20,12
NJ0022800,HO-HO-KUS PD,4139,"Rate Per 100,000",0,0,0,0,169.1,265.8,48.3,483.2,12
NJ0022800,HO-HO-KUS PD,4139,Number of Clearances,0,0,0,0,1,3,0,4,12
NJ0022800,HO-HO-KUS PD,4139,Percent Cleared,0,0,0,0,14,27,0,20,12
NJ0022800,HO-HO-KUS PD,4139,Number of Arrests,0,0,0,1,0,1,0,2,12
NJ0022900,LEONIA PD,9175,Number of Offenses,0,1,0,2,11,38,2,54,12
NJ0022900,LEONIA PD,9175,"Rate Per 100,000",0,10.9,0,21.8,119.9,414.2,21.8,588.6,12
NJ0022900,LEONIA PD,9175,Number of Clearances,0,1,0,2,3,1,0,7,12
NJ0022900,LEONIA PD,9175,Percent Cleared,0,100,0,100,27,3,0,13,12
NJ0022900,LEONIA PD,9175,Number of Arrests,0,1,0,4,2,3,0,10,12
NJ0023000,LITTLE FERRY PD,10895,Number of Offenses,1,0,2,6,12,55,16,92,12
NJ0023000,LITTLE FERRY PD,10895,"Rate Per 100,000",9.2,0,18.4,55.1,110.1,504.8,146.9,844.4,12
NJ0023000,LITTLE FERRY PD,10895,Number of Clearances,1,0,0,5,0,5,1,12,12
NJ0023000,LITTLE FERRY PD,10895,Percent Cleared,100,0,0,83,0,9,6,13,12
NJ0023000,LITTLE FERRY PD,10895,Number of Arrests,1,0,0,5,0,3,1,10,12
NJ0023100,LODI PD,24720,Number of Offenses,0,2,6,27,31,200,42,308,12
NJ0023100,LODI PD,24720,"Rate Per 100,000",0,8.1,24.3,109.2,125.4,809.1,169.9,1246,12
NJ0023100,LODI PD,24720,Number of Clearances,0,0,0,12,1,29,0,42,12
NJ0023100,LODI PD,24720,Percent Cleared,0,0,0,44,3,15,0,14,12
NJ0023100,LODI PD,24720,Number of Arrests,0,0,0,12,1,26,0,39,12
NJ0023200,LYNDHURST PD,22384,Number of Offenses,0,0,6,7,5,127,18,163,12
NJ0023200,LYNDHURST PD,22384,"Rate Per 100,000",0,0,26.8,31.3,22.3,567.4,80.4,728.2,12
NJ0023200,LYNDHURST PD,22384,Number of Clearances,0,0,3,6,2,39,3,53,12
NJ0023200,LYNDHURST PD,22384,Percent Cleared,0,0,50,86,40,31,17,33,12
NJ0023200,LYNDHURST PD,22384,Number of Arrests,0,0,3,6,2,42,2,55,12
NJ0023300,MAHWAH TWP PD,26501,Number of Offenses,0,3,0,5,10,90,15,123,12
NJ0023300,MAHWAH TWP PD,26501,"Rate Per 100,000",0,11.3,0,18.9,37.7,339.6,56.6,464.1,12
NJ0023300,MAHWAH TWP PD,26501,Number of Clearances,0,0,0,5,1,21,0,27,12
NJ0023300,MAHWAH TWP PD,26501,Percent Cleared,0,0,0,100,10,23,0,22,12
NJ0023300,MAHWAH TWP PD,26501,Number of Arrests,0,0,0,5,1,21,0,27,12
NJ0023400,MAYWOOD PD,9763,Number of Offenses,0,0,2,4,7,54,1,68,12
NJ0023400,MAYWOOD PD,9763,"Rate Per 100,000",0,0,20.5,41,71.7,553.1,10.2,696.5,12
NJ0023400,MAYWOOD PD,9763,Number of Clearances,0,0,1,4,1,11,0,17,12
NJ0023400,MAYWOOD PD,9763,Percent Cleared,0,0,50,100,14,20,0,25,12
NJ0023400,MAYWOOD PD,9763,Number of Arrests,0,0,1,4,1,17,0,23,12
NJ0023500,MIDLAND PARK PD,7313,Number of Offenses,0,0,0,2,0,34,4,40,12
NJ0023500,MIDLAND PARK PD,7313,"Rate Per 100,000",0,0,0,27.3,0,464.9,54.7,547,12
NJ0023500,MIDLAND PARK PD,7313,Number of Clearances,0,0,0,2,0,7,1,10,12
NJ0023500,MIDLAND PARK PD,7313,Percent Cleared,0,0,0,100,0,21,25,25,12
NJ0023500,MIDLAND PARK PD,7313,Number of Arrests,0,0,0,2,0,3,1,6,12
NJ0023600,MONTVALE PD,8729,Number of Offenses,0,0,0,1,1,24,1,27,12
NJ0023600,MONTVALE PD,8729,"Rate Per 100,000",0,0,0,11.5,11.5,274.9,11.5,309.3,12
NJ0023600,MONTVALE PD,8729,Number of Clearances,0,0,0,1,1,6,0,8,12
NJ0023600,MONTVALE PD,8729,Percent Cleared,0,0,0,100,100,25,0,30,12
NJ0023600,MONTVALE PD,8729,Number of Arrests,0,0,0,1,2,4,0,7,12
NJ0023700,MOONACHIE PD,2774,Number of Offenses,0,0,0,0,1,26,1,28,12
NJ0023700,MOONACHIE PD,2774,"Rate Per 100,000",0,0,0,0,36,937.3,36,1009.4,12
NJ0023700,MOONACHIE PD,2774,Number of Clearances,0,0,0,0,0,1,0,1,12
NJ0023700,MOONACHIE PD,2774,Percent Cleared,0,0,0,0,0,4,0,4,12
NJ0023700,MOONACHIE PD,2774,Number of Arrests,0,1,0,0,0,3,0,4,12
NJ0023800,NEW MILFORD PD,16701,Number of Offenses,0,0,0,1,8,53,3,65,12
NJ0023800,NEW MILFORD PD,16701,"Rate Per 100,000",0,0,0,6,47.9,317.3,18,389.2,12
NJ0023800,NEW MILFORD PD,16701,Number of Clearances,0,0,0,0,0,18,0,18,12
NJ0023800,NEW MILFORD PD,16701,Percent Cleared,0,0,0,0,0,34,0,28,12
NJ0023800,NEW MILFORD PD,16701,Number of Arrests,0,0,1,1,4,1,1,8,12
NJ0023900,NORTH ARLINGTON PD,15868,Number of Offenses,0,0,6,13,9,132,17,177,12
NJ0023900,NORTH ARLINGTON PD,15868,"Rate Per 100,000",0,0,37.8,81.9,56.7,831.9,107.1,1115.5,12
NJ0023900,NORTH ARLINGTON PD,15868,Number of Clearances,0,0,4,11,1,31,0,47,12
NJ0023900,NORTH ARLINGTON PD,15868,Percent Cleared,0,0,67,85,11,23,0,27,12
NJ0023900,NORTH ARLINGTON PD,15868,Number of Arrests,0,0,5,11,2,25,0,43,12
NJ0024000,NORTHVALE PD,4965,Number of Offenses,0,0,0,0,0,8,1,9,12
NJ0024000,NORTHVALE PD,4965,"Rate Per 100,000",0,0,0,0,0,161.1,20.1,181.3,12
NJ0024000,NORTHVALE PD,4965,Number of Clearances,0,0,0,0,0,5,0,5,12
NJ0024000,NORTHVALE PD,4965,Percent Cleared,0,0,0,0,0,63,0,56,12
NJ0024000,NORTHVALE PD,4965,Number of Arrests,0,0,0,0,0,4,0,4,12
NJ0024100,NORWOOD PD,5836,Number of Offenses,0,1,0,0,6,10,3,20,12
NJ0024100,NORWOOD PD,5836,"Rate Per 100,000",0,17.1,0,0,102.8,171.4,51.4,342.7,12
NJ0024100,NORWOOD PD,5836,Number of Clearances,0,1,0,0,1,2,0,4,12
NJ0024100,NORWOOD PD,5836,Percent Cleared,0,100,0,0,17,20,0,20,12
NJ0024100,NORWOOD PD,5836,Number of Arrests,0,1,0,0,1,2,0,4,12
NJ0024200,OAKLAND PD,13102,Number of Offenses,0,0,1,4,5,46,2,58,12
NJ0024200,OAKLAND PD,13102,"Rate Per 100,000",0,0,7.6,30.5,38.2,351.1,15.3,442.7,12
NJ0024200,OAKLAND PD,13102,Number of Clearances,0,0,1,2,1,3,0,7,12
NJ0024200,OAKLAND PD,13102,Percent Cleared,0,0,100,50,20,7,0,12,12
NJ0024200,OAKLAND PD,13102,Number of Arrests,0,0,2,2,1,3,0,8,12
NJ0024300,OLD TAPPAN PD,5998,Number of Offenses,0,0,0,0,2,6,4,12,12
NJ0024300,OLD TAPPAN PD,5998,"Rate Per 100,000",0,0,0,0,33.3,100,66.7,200.1,12
NJ0024300,OLD TAPPAN PD,5998,Number of Clearances,0,0,0,0,0,0,1,1,12
NJ0024300,OLD TAPPAN PD,5998,Percent Cleared,0,0,0,0,0,0,25,8,12
NJ0024300,OLD TAPPAN PD,5998,Number of Arrests,0,0,0,0,0,0,0,0,12
NJ0024400,ORADELL PD,8243,Number of Offenses,0,0,0,2,7,13,1,23,12
NJ0024400,ORADELL PD,8243,"Rate Per 100,000",0,0,0,24.3,84.9,157.7,12.1,279,12
NJ0024400,ORADELL PD,8243,Number of Clearances,0,0,0,1,1,2,0,4,12
NJ0024400,ORADELL PD,8243,Percent Cleared,0,0,0,50,14,15,0,17,12
NJ0024400,ORADELL PD,8243,Number of Arrests,0,0,0,2,2,2,0,6,12
NJNPIPP00,PALISADES INTER. PARKWAY PD,0,Number of Offenses,0,0,0,1,0,1,0,2,12
NJNPIPP00,PALISADES INTER. PARKWAY PD,0,"Rate Per 100,000",0,0,0,0,0,0,0,0,12
NJNPIPP00,PALISADES INTER. PARKWAY PD,0,Number of Clearances,0,0,0,1,0,0,0,1,12
NJNPIPP00,PALISADES INTER. PARKWAY PD,0,Percent Cleared,0,0,0,100,0,0,0,50,12
NJNPIPP00,PALISADES INTER. PARKWAY PD,0,Number of Arrests,0,0,0,3,0,3,0,6,12
NJ0024500,PALISADES PARK PD,20888,Number of Offenses,0,1,4,11,19,81,6,122,12
NJ0024500,PALISADES PARK PD,20888,"Rate Per 100,000",0,4.8,19.1,52.7,91,387.8,28.7,584.1,12
NJ0024500,PALISADES PARK PD,20888,Number of Clearances,0,1,2,10,3,13,0,29,12
NJ0024500,PALISADES PARK PD,20888,Percent Cleared,0,100,50,91,16,16,0,24,12
NJ0024500,PALISADES PARK PD,20888,Number of Arrests,0,1,3,11,3,15,0,33,12
NJ0024600,PARAMUS PD,26744,Number of Offenses,0,2,8,34,24,871,24,963,12
NJ0024600,PARAMUS PD,26744,"Rate Per 100,000",0,7.5,29.9,127.1,89.7,3256.8,89.7,3600.8,12
NJ0024600,PARAMUS PD,26744,Number of Clearances,0,2,5,13,4,523,2,549,12
NJ0024600,PARAMUS PD,26744,Percent Cleared,0,100,63,38,17,60,8,57,12
NJ0024600,PARAMUS PD,26744,Number of Arrests,1,0,11,20,9,503,9,553,12
NJ0024700,PARK RIDGE PD,8858,Number of Offenses,0,0,1,0,2,6,1,10,12
NJ0024700,PARK RIDGE PD,8858,"Rate Per 100,000",0,0,11.3,0,22.6,67.7,11.3,112.9,12
NJ0024700,PARK RIDGE PD,8858,Number of Clearances,0,0,0,0,0,1,1,2,12
NJ0024700,PARK RIDGE PD,8858,Percent Cleared,0,0,0,0,0,17,100,20,12
NJ0024700,PARK RIDGE PD,8858,Number of Arrests,0,0,0,0,1,1,1,3,12
NJ0024800,RAMSEY PD,15126,Number of Offenses,0,0,2,1,3,155,3,164,12
NJ0024800,RAMSEY PD,15126,"Rate Per 100,000",0,0,13.2,6.6,19.8,1024.7,19.8,1084.2,12
NJ0024800,RAMSEY PD,15126,Number of Clearances,0,0,0,1,1,26,0,28,12
NJ0024800,RAMSEY PD,15126,Percent Cleared,0,0,0,100,33,17,0,17,12
NJ0024800,RAMSEY PD,15126,Number of Arrests,0,0,0,3,1,32,0,36,12
NJ0024900,RIDGEFIELD BORO PD,11329,Number of Offenses,0,0,0,6,3,38,8,55,12
NJ0024900,RIDGEFIELD BORO PD,11329,"Rate Per 100,000",0,0,0,53,26.5,335.4,70.6,485.5,12
NJ0024900,RIDGEFIELD BORO PD,11329,Number of Clearances,0,0,0,6,0,2,0,8,12
NJ0024900,RIDGEFIELD BORO PD,11329,Percent Cleared,0,0,0,100,0,5,0,15,12
NJ0024900,RIDGEFIELD BORO PD,11329,Number of Arrests,0,0,0,6,0,3,0,9,12
NJ0025000,RIDGEFIELD PARK PD,13028,Number of Offenses,0,0,2,5,6,108,10,131,12
NJ0025000,RIDGEFIELD PARK PD,13028,"Rate Per 100,000",0,0,15.4,38.4,46.1,829,76.8,1005.5,12
NJ0025000,RIDGEFIELD PARK PD,13028,Number of Clearances,0,0,1,4,3,19,4,31,12
NJ0025000,RIDGEFIELD PARK PD,13028,Percent Cleared,0,0,50,80,50,18,40,24,12
NJ0025000,RIDGEFIELD PARK PD,13028,Number of Arrests,0,0,2,6,6,16,4,34,12
NJ0025100,RIDGEWOOD VILLAGE PD,25429,Number of Offenses,0,0,2,11,22,108,13,156,12
NJ0025100,RIDGEWOOD VILLAGE PD,25429,"Rate Per 100,000",0,0,7.9,43.3,86.5,424.7,51.1,613.5,12
NJ0025100,RIDGEWOOD VILLAGE PD,25429,Number of Clearances,0,0,1,10,3,13,4,31,12
NJ0025100,RIDGEWOOD VILLAGE PD,25429,Percent Cleared,0,0,50,91,14,12,31,20,12
NJ0025100,RIDGEWOOD VILLAGE PD,25429,Number of Arrests,0,0,1,10,3,13,0,27,12
NJ0025200,RIVER EDGE PD,11611,Number of Offenses,0,1,1,0,7,62,3,74,12
NJ0025200,RIVER EDGE PD,11611,"Rate Per 100,000",0,8.6,8.6,0,60.3,534,25.8,637.3,12
NJ0025200,RIVER EDGE PD,11611,Number of Clearances,0,0,0,0,1,17,0,18,12
NJ0025200,RIVER EDGE PD,11611,Percent Cleared,0,0,0,0,14,27,0,24,12
NJ0025200,RIVER EDGE PD,11611,Number of Arrests,0,0,0,0,1,16,0,17,12
NJ0025300,RIVER VALE PD,10157,Number of Offenses,0,0,0,0,1,18,1,20,12
NJ0025300,RIVER VALE PD,10157,"Rate Per 100,000",0,0,0,0,9.8,177.2,9.8,196.9,12
NJ0025300,RIVER VALE PD,10157,Number of Clearances,0,0,0,0,0,2,0,2,12
NJ0025300,RIVER VALE PD,10157,Percent Cleared,0,0,0,0,0,11,0,10,12
NJ0025300,RIVER VALE PD,10157,Number of Arrests,0,0,0,0,0,3,0,3,12
NJ0025400,ROCHELLE PARK PD,5648,Number of Offenses,0,0,3,1,11,53,2,70,12
NJ0025400,ROCHELLE PARK PD,5648,"Rate Per 100,000",0,0,53.1,17.7,194.8,938.4,35.4,1239.4,12
NJ0025400,ROCHELLE PARK PD,5648,Number of Clearances,0,0,1,0,5,25,0,31,12
NJ0025400,ROCHELLE PARK PD,5648,Percent Cleared,0,0,33,0,45,47,0,44,12
NJ0025400,ROCHELLE PARK PD,5648,Number of Arrests,0,0,5,0,7,13,0,25,12
NJ0025500,ROCKLEIGH BOROUGH,526,Number of Offenses,0,0,0,0,0,2,0,2,12
NJ0025500,ROCKLEIGH BOROUGH,526,"Rate Per 100,000",0,0,0,0,0,380.2,0,380.2,12
NJ0025500,ROCKLEIGH BOROUGH,526,Number of Clearances,0,0,0,0,0,2,0,2,12
NJ0025500,ROCKLEIGH BOROUGH,526,Percent Cleared,0,0,0,0,0,100,0,100,12
NJ0025500,ROCKLEIGH BOROUGH,526,Number of Arrests,0,0,0,0,0,2,0,2,12
NJ0025600,RUTHERFORD PD,18617,Number of Offenses,0,2,2,8,20,145,16,193,12
NJ0025600,RUTHERFORD PD,18617,"Rate Per 100,000",0,10.7,10.7,43,107.4,778.9,85.9,1036.7,12
NJ0025600,RUTHERFORD PD,18617,Number of Clearances,0,0,1,4,4,4,1,14,12
NJ0025600,RUTHERFORD PD,18617,Percent Cleared,0,0,50,50,20,3,6,7,12
NJ0025600,RUTHERFORD PD,18617,Number of Arrests,0,0,1,4,8,4,0,17,12
NJ0025700,SADDLE BROOK PD,14037,Number of Offenses,0,0,1,0,5,214,1,221,12
NJ0025700,SADDLE BROOK PD,14037,"Rate Per 100,000",0,0,7.1,0,35.6,1524.5,7.1,1574.4,12
NJ0025700,SADDLE BROOK PD,14037,Number of Clearances,0,0,1,0,3,40,0,44,12
NJ0025700,SADDLE BROOK PD,14037,Percent Cleared,0,0,100,0,60,19,0,20,12
NJ0025700,SADDLE BROOK PD,14037,Number of Arrests,0,0,1,2,2,37,0,42,12
NJ0025800,SADDLE RIVER PD,3230,Number of Offenses,0,0,0,2,5,22,3,32,12
NJ0025800,SADDLE RIVER PD,3230,"Rate Per 100,000",0,0,0,61.9,154.8,681.1,92.9,990.7,12
NJ0025800,SADDLE RIVER PD,3230,Number of Clearances,0,0,0,0,1,1,0,2,12
NJ0025800,SADDLE RIVER PD,3230,Percent Cleared,0,0,0,0,20,5,0,6,12
NJ0025800,SADDLE RIVER PD,3230,Number of Arrests,0,0,0,2,1,2,0,5,12
NJ0025900,SOUTH HACKENSACK PD,2473,Number of Offenses,1,0,3,9,5,31,7,56,12
NJ0025900,SOUTH HACKENSACK PD,2473,"Rate Per 100,000",40.4,0,121.3,363.9,202.2,1253.5,283.1,2264.5,12
NJ0025900,SOUTH HACKENSACK PD,2473,Number of Clearances,1,0,3,9,3,12,2,30,12
NJ0025900,SOUTH HACKENSACK PD,2473,Percent Cleared,100,0,100,100,60,39,29,54,12
NJ0025900,SOUTH HACKENSACK PD,2473,Number of Arrests,0,0,5,8,5,14,1,33,12
NJ002SP00,STATE POLICE BERGEN COUNTY,0,Number of Offenses,0,0,1,8,6,47,6,68,12
NJ002SP00,STATE POLICE BERGEN COUNTY,0,"Rate Per 100,000",0,0,0,0,0,0,0,0,12
NJ002SP00,STATE POLICE BERGEN COUNTY,0,Number of Clearances,0,0,0,3,0,8,0,11,12
NJ002SP00,STATE POLICE BERGEN COUNTY,0,Percent Cleared,0,0,0,38,0,17,0,16,12
NJ002SP00,STATE POLICE BERGEN COUNTY,0,Number of Arrests,0,0,0,2,0,3,1,6,12
NJ0026000,TEANECK PD,40939,Number of Offenses,1,11,12,32,49,304,11,420,12
NJ0026000,TEANECK PD,40939,"Rate Per 100,000",2.4,26.9,29.3,78.2,119.7,742.6,26.9,1025.9,12
NJ0026000,TEANECK PD,40939,Number of Clearances,1,3,4,20,6,22,1,57,12
NJ0026000,TEANECK PD,40939,Percent Cleared,100,27,33,63,12,7,9,14,12
NJ0026000,TEANECK PD,40939,Number of Arrests,1,3,8,21,8,39,2,82,12
NJ0026100,TENAFLY PD,14742,Number of Offenses,0,0,1,0,14,63,12,90,12
NJ0026100,TENAFLY PD,14742,"Rate Per 100,000",0,0,6.8,0,95,427.4,81.4,610.5,12
NJ0026100,TENAFLY PD,14742,Number of Clearances,0,0,0,0,1,7,1,9,12
NJ0026100,TENAFLY PD,14742,Percent Cleared,0,0,0,0,7,11,8,10,12
NJ0026100,TENAFLY PD,14742,Number of Arrests,0,0,0,0,3,6,1,10,12
NJ0026200,TETERBORO BOROUGH,68,Number of Offenses,0,0,0,0,0,99,3,102,12
NJ0026200,TETERBORO BOROUGH,68,"Rate Per 100,000",0,0,0,0,0,145588.2,4411.8,150000,12
NJ0026200,TETERBORO BOROUGH,68,Number of Clearances,0,0,0,0,0,40,0,40,12
NJ0026200,TETERBORO BOROUGH,68,Percent Cleared,0,0,0,0,0,40,0,39,12
NJ0026200,TETERBORO BOROUGH,68,Number of Arrests,0,0,0,0,0,39,0,39,12
NJ0026300,UPPER SADDLE RIVER PD,8330,Number of Offenses,0,0,0,2,4,14,9,29,12
NJ0026300,UPPER SADDLE RIVER PD,8330,"Rate Per 100,000",0,0,0,24,48,168.1,108,348.1,12
NJ0026300,UPPER SADDLE RIVER PD,8330,Number of Clearances,0,0,0,2,2,3,0,7,12
NJ0026300,UPPER SADDLE RIVER PD,8330,Percent Cleared,0,0,0,100,50,21,0,24,12
NJ0026300,UPPER SADDLE RIVER PD,8330,Number of Arrests,0,0,0,2,1,3,0,6,12
NJ0026400,WALDWICK PD,10019,Number of Offenses,0,0,0,2,5,48,4,59,12
NJ0026400,WALDWICK PD,10019,"Rate Per 100,000",0,0,0,20,49.9,479.1,39.9,588.9,12
NJ0026400,WALDWICK PD,10019,Number of Clearances,0,0,0,2,1,6,0,9,12
NJ0026400,WALDWICK PD,10019,Percent Cleared,0,0,0,100,20,13,0,15,12
NJ0026400,WALDWICK PD,10019,Number of Arrests,0,0,0,3,0,6,1,10,12
NJ0026500,WALLINGTON PD,11676,Number of Offenses,0,0,2,7,6,124,13,152,12
NJ0026500,WALLINGTON PD,11676,"Rate Per 100,000",0,0,17.1,60,51.4,1062,111.3,1301.8,12
NJ0026500,WALLINGTON PD,11676,Number of Clearances,0,0,2,6,1,37,3,49,12
NJ0026500,WALLINGTON PD,11676,Percent Cleared,0,0,100,86,17,30,23,32,12
NJ0026500,WALLINGTON PD,11676,Number of Arrests,0,0,3,6,1,35,3,48,12
NJ0026600,WASHINGTON TWP PD,9299,Number of Offenses,0,0,0,1,1,14,4,20,12
NJ0026600,WASHINGTON TWP PD,9299,"Rate Per 100,000",0,0,0,10.8,10.8,150.6,43,215.1,12
NJ0026600,WASHINGTON TWP PD,9299,Number of Clearances,0,0,0,1,0,1,0,2,12
NJ0026600,WASHINGTON TWP PD,9299,Percent Cleared,0,0,0,100,0,7,0,10,12
NJ0026600,WASHINGTON TWP PD,9299,Number of Arrests,0,0,0,1,0,2,0,3,12
NJ0026700,WESTWOOD PD,11219,Number of Offenses,0,0,0,0,23,49,3,75,12
NJ0026700,WESTWOOD PD,11219,"Rate Per 100,000",0,0,0,0,205,436.8,26.7,668.5,12
NJ0026700,WESTWOOD PD,11219,Number of Clearances,0,0,0,0,1,12,0,13,12
NJ0026700,WESTWOOD PD,11219,Percent Cleared,0,0,0,0,4,24,0,17,12
NJ0026700,WESTWOOD PD,11219,Number of Arrests,0,0,0,5,7,6,0,18,12
NJ0026800,WOODCLIFF LAKE PD,5844,Number of Offenses,0,0,1,1,4,25,0,31,12
NJ0026800,WOODCLIFF LAKE PD,5844,"Rate Per 100,000",0,0,17.1,17.1,68.4,427.8,0,530.5,12
NJ0026800,WOODCLIFF LAKE PD,5844,Number of Clearances,0,0,0,1,1,4,0,6,12
NJ0026800,WOODCLIFF LAKE PD,5844,Percent Cleared,0,0,0,100,25,16,0,19,12
NJ0026800,WOODCLIFF LAKE PD,5844,Number of Arrests,0,0,0,1,1,6,0,8,12
NJ0026900,WOOD-RIDGE PD,9105,Number of Offenses,0,0,0,1,1,43,1,46,12
NJ0026900,WOOD-RIDGE PD,9105,"Rate Per 100,000",0,0,0,11,11,472.3,11,505.2,12
NJ0026900,WOOD-RIDGE PD,9105,Number of Clearances,0,0,0,1,0,7,3,11,12
NJ0026900,WOOD-RIDGE PD,9105,Percent Cleared,0,0,0,100,0,16,300,24,12
NJ0026900,WOOD-RIDGE PD,9105,Number of Arrests,0,0,0,2,0,8,3,13,12
NJ0027000,WYCKOFF TWP PD,17161,Number of Offenses,0,2,0,3,10,64,7,86,12
NJ0027000,WYCKOFF TWP PD,17161,"Rate Per 100,000",0,11.7,0,17.5,58.3,372.9,40.8,501.1,12
NJ0027000,WYCKOFF TWP PD,17161,Number of Clearances,0,1,0,3,1,12,0,17,12
NJ0027000,WYCKOFF TWP PD,17161,Percent Cleared,0,50,0,100,10,19,0,20,12
NJ0027000,WYCKOFF TWP PD,17161,Number of Arrests,0,0,0,3,1,9,0,13,12
